{"cameraMode":{"drawMode":0,"name":"Shaded","section":"Shading Mode"},"sceneLighting":false,"audioPlay":false,"sceneViewState":{"m_AlwaysRefresh":false,"showFog":true,"showSkybox":false,"showFlares":true,"showImageEffects":true,"showParticleSystems":true,"showVisualEffectGraphs":true,"m_FxEnabled":true},"in2DMode":false,"pivot":{"x":-0.5599995851516724,"y":2.8099992275238039,"z":-1.406000018119812},"rotation":{"x":-0.02429874613881111,"y":-0.021886270493268968,"z":0.0006488233921118081,"w":-0.999485194683075},"size":2.44695782661438,"orthographic":false}