{"cameraMode":{"drawMode":0,"name":"Shaded","section":"Shading Mode"},"sceneLighting":true,"audioPlay":false,"sceneViewState":{"m_AlwaysRefresh":false,"showFog":true,"showSkybox":true,"showFlares":true,"showImageEffects":true,"showParticleSystems":true,"showVisualEffectGraphs":true,"m_FxEnabled":true},"in2DMode":false,"pivot":{"x":2.6300878524780275,"y":1.8124109506607056,"z":-2.740483283996582},"rotation":{"x":-0.13022854924201966,"y":0.05709708109498024,"z":-0.007395640946924686,"w":-0.9898276925086975},"size":2.1227974891662599,"orthographic":false}