{"cameraMode":{"drawMode":0,"name":"Shaded","section":"Shading Mode"},"sceneLighting":true,"audioPlay":false,"sceneViewState":{"m_AlwaysRefresh":false,"showFog":true,"showSkybox":true,"showFlares":true,"showImageEffects":true,"showParticleSystems":true,"showVisualEffectGraphs":true,"m_FxEnabled":true},"in2DMode":false,"pivot":{"x":-0.5078945159912109,"y":0.9344512224197388,"z":-2.183532238006592},"rotation":{"x":-0.3223065435886383,"y":0.23571600019931794,"z":-0.08308371901512146,"w":-0.9130695462226868},"size":3.1544241905212404,"orthographic":false}