{"cameraMode":{"drawMode":0,"name":"Shaded","section":"Shading Mode"},"sceneLighting":false,"audioPlay":false,"sceneViewState":{"m_AlwaysRefresh":false,"showFog":true,"showSkybox":false,"showFlares":true,"showImageEffects":true,"showParticleSystems":true,"showVisualEffectGraphs":true,"m_FxEnabled":true},"in2DMode":false,"pivot":{"x":1.940000057220459,"y":0.9283832311630249,"z":-2.7242298126220705},"rotation":{"x":-0.10359920561313629,"y":0.022990712895989419,"z":-0.002279332373291254,"w":-0.9943676590919495},"size":2.598076105117798,"orthographic":false}