{"cameraMode":{"drawMode":0,"name":"Shaded","section":"Shading Mode"},"sceneLighting":false,"audioPlay":false,"sceneViewState":{"m_AlwaysRefresh":false,"showFog":true,"showSkybox":false,"showFlares":true,"showImageEffects":true,"showParticleSystems":true,"showVisualEffectGraphs":true,"m_FxEnabled":true},"in2DMode":false,"pivot":{"x":-0.2199999988079071,"y":0.6800000071525574,"z":-3.130000114440918},"rotation":{"x":-0.1540319174528122,"y":0.04503441974520683,"z":-0.007029043044894934,"w":-0.9870144128799439},"size":0.34550952911376955,"orthographic":false}